ID,Fecha,Cliente_ID,Items,Subtotal,IVA,Total,Estado
1,2025-12-06,1,1,89.99,13.498499999999998,103.48849999999999,pendiente
